{
	"5min.com": "http://www.5min.com/Video/iPad-to-Embrace-New-Name-517297508",
	"allocine.fr": "http://www.allocine.fr/video/player_gen_cmedia=19149857&cfilm=126693.html",
	"break.com": "http://www.break.com/video/rogue-one-a-star-wars-story-video-teaser-trailer-3012862",
	"clipfish.de": "http://www.clipfish.de/video/1856437/ac-dc-tnt/",
	"clipmoon.com": "http://www.clipmoon.com/videos/9194d9/animation-versus-animator.html",
	"cnbc.com": "http://video.cnbc.com/gallery/?video=1548022077&play=1",
	"cnet.com": "http://www.cnet.com/videos/kinect-controlled-motorized-skateboard/",
	"colbertnation.com": "http://www.colbertnation.com/the-colbert-report-videos/180900/october-17-2005/intro---10-17-05",
	"collegehumor.com": "http://www.collegehumor.com/video/6747386/skyrim-hoarders",
	"comedycentral.com": "http://www.comedycentral.com/video-clips/l56fcp/futurama-trashy-robo-sluts",
	"crackle.com": "http://www.crackle.com/c/The_Walking_Dead/TS-19/2483060/",
	"dailymotion.com": "http://www.dailymotion.com/video/x4ez1x_alberto-contra-el-heliocentrismo_sport",
	"dotsub.com": "http://dotsub.com/view/6a7db231-4d64-407d-8026-a845eaf6c4a9",
	"ebaumsworld.com": "http://www.ebaumsworld.com/video/watch/82424906/",
	"facebook.com": "https://www.facebook.com/photo.php?v=2031763147233",
	"flickr.com": "http://www.flickr.com/photos/chrismar/3071009125",
	"funnyordie.com": "http://www.funnyordie.com/videos/5ef1adb57b/between-two-ferns-with-zach-galifianakis",
	"g4tv.com": "http://g4tv.com/videos/29265/Infamous-All-Access/",
	"gameprotv.com": "http://www.gameprotv.com/socom-4-us-navy-seals-trailer-video-6923.html",
	"gamespot.com": "http://www.gamespot.com/videos/why-you-should-buy-an-xbox-one-for-2016/2300-6428296/",
	"howcast.com": "http://www.howcast.com/videos/499089-How-to-Draw-Manga-How-to-Draw-Monsters",
	"hulu.com": "http://www.hulu.com/watch/675715",
	"ign.com": "http://www.ign.com/videos/2012/04/05/double-dragon-neon-gameplay-trailer",
	"instagram.com": "http://instagram.com/p/ppN4dlSJBm/",
	"kickstarter.com": "https://www.kickstarter.com/projects/445474695/electronic-opus",
	"liveleak.com": "http://www.liveleak.com/view?i=166_1194290849",
	"maker.tv": "http://www.maker.tv/gaming/video/0Blwvl9tzits/playlist/thedailybyte",
	"metacafe.com": "http://www.metacafe.com/watch/966360/merry_christmas_with_crazy_frog/",
	"moddb.com": "http://www.moddb.com/groups/humour-satire-parody/videos/flight-dc132-part-1",
	"mpora.com": "http://mpora.com/videos/AAdihftgw4t7",
	"myspace.com": "https://myspace.com/jasonmraz/video/-quot-lucky-quot-official-video-with-colbie-caillat/49776296",
	"myvideo.de": "http://www.myvideo.de/watch/2668372",
	"nbcnews.com": "http://www.nbcnews.com/video/nbc-news/53875621/#53875621",
	"on.aol.com": "http://on.aol.com/video/ipad-to-embrace-new-name-517297508",
	"photobucket.com": "http://s48.photobucket.com/albums/f201/fishn4life/?action=view&current=06042010007.mp4",
	"rutube.ru": "http://rutube.ru/video/238973b0c167d0a9f4f26686e42407e4/",
	"sapo.pt": "http://videos.sapo.pt/LguPabwSWikK0wzBmU1o",
	"screenr.com": "http://www.screenr.com/fTK",
	"scribd.com": "http://www.scribd.com/doc/26886617/Dexter-Investigating-Cutting-Edge-Television",
	"slideshare.net": "http://www.slideshare.net/chrisbrogan/social-media-for-publishers-presentation",
	"snotr.com": "http://www.snotr.com/video/8753/What_is_nothing",
	"spike.com": "http://www.spike.com/video-clips/32xg36/winter-passing-trailer",
	"streetfire.net": "http://www.streetfire.net/video/standing-moto-double-fail_2381106.htm",
	"ted.com": "http://www.ted.com/talks/henry_evans_and_chad_jenkins_meet_the_robots_for_humanity.html",
	"thedailyshow.cc.com": "http://thedailyshow.cc.com/videos/9ec0d8/judgment-gay",
	"theonion.com": "http://www.theonion.com/video/stephen-strasburg-ceremoniously-reinjures-arm-on-o,27866/",
	"tu.tv": "http://tu.tv/videos/el-gato-boxeador",
	"tudou.com": "http://www.tudou.com/programs/view/fP78-keWP6c/",
	"twitch.tv": "http://www.twitch.tv/rzn732",
	"ustream.tv": "http://www.ustream.tv/channel/9948292",
	"vbox7.com": "http://www.vbox7.com/play:93ab2ba5",
	"veoh.com": "http://www.veoh.com/watch/v27458670er62wkCt",
	"vevo.com": "http://www.vevo.com/watch/USUV71300904",
	"viddler.com": "http://www.viddler.com/v/7a0d64f2",
	"videogamer.com": "http://www.videogamer.com/videos/dead_space_developer_diary_zero_gravity.html",
	"vimeo.com": "http://vimeo.com/3759030",
	"vine.co": "https://vine.co/v/hBFxTlV36Tg",
	"yahoo.com": "http://screen.yahoo.com/man-steel-trailer-5-163029535.html",
	"youku.com": "http://v.youku.com/v_show/id_XMzgxNzY3NTU2.html",
	"youtu.be": "http://youtu.be/sP4NMoJcFd4",
	"youtube.com": "http://www.youtube.com/watch?v=sP4NMoJcFd4"
}
